/*
FICHIER : CREATION_GROUPE10.SQL
AUTEURS : 
ABDULLAH OBAD 22015313
CHENINI AYOUB 21903299
NOM DU GROUPE : C
*/

--FORMAT DATE :
ALTER session SET NLS_DATE_FORMAT='DD-MM-YYYY' ; 

/*
SUPPRESSION DES TABLES
*/

BEGIN
EXECUTE IMMEDIATE 'DROP TABLE EQUIPE';
EXCEPTION
 WHEN OTHERS THEN
	IF SQLCODE != -942 THEN
	RAISE;
	END IF;
END;
/

BEGIN
EXECUTE IMMEDIATE 'DROP TABLE JOUEURREMPLACANT';
EXCEPTION
 WHEN OTHERS THEN
	IF SQLCODE != -942 THEN
	RAISE;
	END IF;
END;
/

BEGIN
EXECUTE IMMEDIATE 'DROP TABLE JOUEURTITULAIRE';
EXCEPTION
 WHEN OTHERS THEN
	IF SQLCODE != -942 THEN
	RAISE;
	END IF;
END;
/

BEGIN
EXECUTE IMMEDIATE 'DROP TABLE MATCH';
EXCEPTION
 WHEN OTHERS THEN
	IF SQLCODE != -942 THEN
	RAISE;
	END IF;
END;
/

BEGIN
EXECUTE IMMEDIATE 'DROP TABLE SUPPORTER';
EXCEPTION
 WHEN OTHERS THEN
	IF SQLCODE != -942 THEN
	RAISE;
	END IF;
END;
/

BEGIN
EXECUTE IMMEDIATE 'DROP TABLE BILLET';
EXCEPTION
 WHEN OTHERS THEN
	IF SQLCODE != -942 THEN
	RAISE;
	END IF;
END;
/

BEGIN
EXECUTE IMMEDIATE 'DROP TABLE STADE';
EXCEPTION
 WHEN OTHERS THEN
	IF SQLCODE != -942 THEN
	RAISE;
	END IF;
END;
/

BEGIN
EXECUTE IMMEDIATE 'DROP TABLE ARBITRE';
EXCEPTION
 WHEN OTHERS THEN
	IF SQLCODE != -942 THEN
	RAISE;
	END IF;
END;
/

BEGIN
EXECUTE IMMEDIATE 'DROP TABLE ENTRAINEUR';
EXCEPTION
 WHEN OTHERS THEN
	IF SQLCODE != -942 THEN
	RAISE;
	END IF;
END;
/

BEGIN
EXECUTE IMMEDIATE 'DROP TABLE KINE';
EXCEPTION
 WHEN OTHERS THEN
	IF SQLCODE != -942 THEN
	RAISE;
	END IF;
END;
/

BEGIN
EXECUTE IMMEDIATE 'DROP TABLE SPONSOR';
EXCEPTION
 WHEN OTHERS THEN
	IF SQLCODE != -942 THEN
	RAISE;
	END IF;
END;
/

BEGIN
EXECUTE IMMEDIATE 'DROP TABLE SPONSORISE';
EXCEPTION
 WHEN OTHERS THEN
	IF SQLCODE != -942 THEN
	RAISE;
	END IF;
END;
/

BEGIN
EXECUTE IMMEDIATE 'DROP TABLE SPONSORISEJOUEUR';
EXCEPTION
 WHEN OTHERS THEN
	IF SQLCODE != -942 THEN
	RAISE;
	END IF;
END;
/

BEGIN
EXECUTE IMMEDIATE 'DROP TABLE ARBITRER';
EXCEPTION
 WHEN OTHERS THEN
	IF SQLCODE != -942 THEN
	RAISE;
	END IF;
END;
/

BEGIN
EXECUTE IMMEDIATE 'DROP TABLE REGARDE';
EXCEPTION
 WHEN OTHERS THEN
	IF SQLCODE != -942 THEN
	RAISE;
	END IF;
END;
/

CREATE TABLE EQUIPE
(
    NUMEQUIPE INT NOT NULL,
    NOMPAYS VARCHAR(255),
    NOM_GROUPE VARCHAR(1),
    NUMENTRAINEUR INT,
    CONSTRAINT FK_E FOREIGN KEY (NUMENTRAINEUR) REFERENCES EQUIPE(NUMENTRAINEUR),
    PRIMARY KEY (NUMEQUIPE));
-- RAJOUTEZ L'ANNOTATION POUR LES CLES PRIMAIRES ET ETRANGÈRES ET LES CONDITIONS DE NULLITE
-- POSSIBLE ENUMERATION À RAJOUTER
CREATE TABLE JOUEURREMPLACANT
(
    NUMJOUEUR INT NOT NULL,
    NOM VARCHAR(255),
    PRENOM VARCHAR(255),
    AGE INT,
    NATIONALITE VARCHAR(255), 
    NUMEROMAILLOT INT,
    POSTE VARCHAR(10),
    TAILLE FLOAT(3),
    POIDS FLOAT(3),
    NUMEQUIPE INT,
    CONSTRAINT FK_JR FOREIGN KEY (NUMEQUIPE) REFERENCES EQUIPE(NUMEQUIPE),
    PRIMARY KEY (NUMJOUEUR));
CREATE TABLE JOUEURTITULAIRE
(
    NUMJOUEUR INT NOT NULL,
    NOM VARCHAR(255),
    PRENOM VARCHAR(255),
    AGE INT,
    NATIONALITE VARCHAR(255), 
    NUMEROMAILLOT INT,
    POSTE VARCHAR(10),
    TAILLE FLOAT(3),
    POIDS FLOAT(3),
    NUMEQUIPE INT,
    CONSTRAINT FK_JT FOREIGN KEY (NUMEQUIPE) REFERENCES EQUIPE(NUMEQUIPE),
    PRIMARY KEY (NUMJOUEUR));
-- RAJOUTEZ LES ENUMERATIONS
CREATE TABLE MATCH
(
    NUMMATCH INT PRIMARY KEY,
    PHASEDUJEU VARCHAR(255),
    NUMSTADE INT,
    DATEMATCH DATE,
    NUMEQUIPE1 INT,
    NUMEQUIPE2 INT,
    CONSTRAINT FK_E1 FOREIGN KEY (NUMEQUIPE1) REFERENCES EQUIPE(NUMEQUIPE),
    CONSTRAINT FK_E2 FOREIGN KEY (NUMEQUIPE2) REFERENCES EQUIPE(NUMEQUIPE));
CREATE TABLE SUPPORTER
(
    NUMSUPPORTER INT NOT NULL,
    NOM VARCHAR(255),
    PRENOM VARCHAR(255),
    AGE INT,
    NATIONALITE VARCHAR(255),
    PRIMARY KEY (NUMSUPPORTER));

CREATE TABLE STADE 
(
    NUMSTADE INT NOT NULL,
    NOMSTADE VARCHAR(255),
    VILLE VARCHAR(255),
    ADRESSE VARCHAR(255),
    PAYS VARCHAR(255),
    CAPACITE INT,
    PRIMARY KEY (NUMSTADE));
CREATE TABLE BILLET
(
    NUMBILLET INT PRIMARY KEY,
    NUMPLACE INT,
    NUMSTADE INT,
    CONSTRAINT FK_BT FOREIGN KEY (NUMSTADE) REFERENCES STADE(NUMSTADE));
CREATE TABLE ARBITRE
(
    NUMARBITRE INT NOT NULL,
    NOM VARCHAR(255),
    PRENOM VARCHAR(255),
    AGE VARCHAR(255),
    NATIONALITE VARCHAR(255),
    POSTE VARCHAR(255),
    PRIMARY KEY (NUMARBITRE));
CREATE TABLE ENTRAINEUR
(
    NUMENTRAINEUR INT NOT NULL,
    NOM VARCHAR(255),
    PRENOM VARCHAR(255),
    AGE INT,
    NATIONALITE VARCHAR(255),
    PRIMARY KEY (NUMENTRAINEUR));
CREATE TABLE KINE
(
    NUMKINE INT NOT NULL,
    NOM VARCHAR(255),
    PRENOM VARCHAR(255),
    AGE INT,
    NATIONALITE VARCHAR(255),
    PRIMARY KEY (NUMKINE));
CREATE TABLE SPONSOR
(
    NUMSPONSOR INT NOT NULL,
    NOMSPONSOR VARCHAR(255),
    FINCONTRAT DATE,
    PRIMARY KEY (NUMSPONSOR));

-----------------------------------------------------------
-- ICI CREATION DES TABLES POUR LES ASSOCIATIONS MAILLE 
-----------------------------------------------------------

CREATE TABLE SPONSORISE
(
    NUMEQUIPE INT NOT NULL,
    NUMSPONSOR INT,
    PRIMARY KEY (NUMEQUIPE,NUMSPONSOR));
CREATE TABLE SPONSORISEJOUEUR
(
    NUMJOUEUR INT NOT NULL,
    NUMSPONSOR INT,
    PRIMARY KEY (NUMJOUEUR,NUMSPONSOR));
CREATE TABLE REGARDE
(
    NUMMATCH INT NOT NULL,
    NUMSUPPORTER INT,
    PRIMARY KEY (NUMMATCH,NUMSUPPORTER));
CREATE TABLE ARBITRER
(
    NUMARBITRE INT NOT NULL,
    NUMMATCH INT,
    PRIMARY KEY (NUMARBITRE,NUMMATCH));

----------------------------------------------------------------------------------
----- TRIGGER--------
-----------------------------------------------------------------------------------

--ON A MIT 5 car on arrive pas à obtenir la valeur de chaque stade. et aussi pour pouvoir tester le trigger
CREATE TRIGGER Num_Billet_Max
AFTER INSERT ON BILLET
FOR EACH ROW
DECLARE 
num_billet INT;
BEGIN
  SELECT COUNT(*) INTO num_billet FROM BILLET;
   IF num_billet > 5 THEN
     ROLLBACK;
   END IF;
END;
/
SHOW err;

----------------------------------------------------------------------------------
----- PROCEDURE--------
-----------------------------------------------------------------------------------

CREATE PROCEDURE SUPPRIMER_UN_MATCH_BIS2
(
)
BEGIN
    DELETE FROM Match WHERE DATEMATCH<NOW();
END;
/
SHOW err;
--------------------------------------------------------------------
--INSERTION


INSERT INTO STADE VALUES (1, 'LUSAIL', 'DOHA', 'AL KHOR COSTAL ROAD' ,'QUATAR', 80000);
INSERT INTO STADE VALUES (2, 'AL-BAYT', 'AL KHOR', 'RAKAN AL-SALEM' ,'QUATAR', 60000);
INSERT INTO STADE VALUES (3, 'KHALIFA', 'DOHA', 'BANAN AL MUNIF' ,'QUATAR', 40000);
INSERT INTO STADE VALUES (4, 'AL-JANOUB', 'AL-WAKRAH', 'BANAN AL MUNIF','QUATAR', 40000);
INSERT INTO STADE VALUES (5, 'EDUCATION CITY', 'AL-RAYYAN', 'KHALED AL MAJED' ,'QUATAR', 40000);
INSERT INTO STADE VALUES (6, 'AL-THUMAMA', 'DOHA', 'AZIZ AL-ARFAJ' ,'QUATAR', 40000);
INSERT INTO STADE VALUES (7, '974', 'DOHA', 'MURHAF AL-SAQIA' ,'QUATAR', 40000);
INSERT INTO STADE VALUES (8, 'AHMED-BEN ALI', 'AL-RAYYAN', 'RAGHDA PACHA' ,'QUATAR', 40000);
------------------------------------------------------------------------------------------
-- REMPLISSAGE EQUIPE 
------------------------------------------------------------------------------------------

INSERT INTO EQUIPE VALUES(1,'MAROC','F',1);
INSERT INTO EQUIPE VALUES(2,'FRANCE','D',2);
INSERT INTO EQUIPE VALUES(5,'ARGENTINE','C',5);
INSERT INTO EQUIPE VALUES(10,'CROATIE','F',10);

------------------------------------------------------------------------------------------
-- REMPLISSAGE JOUEURTITULAIRE
------------------------------------------------------------------------------------------
INSERT INTO JOUEURTITULAIRE VALUES (1,'LLORIS', 'HUGO', 33, 'FRANCE', 1, 'GARDIEN', 186, 85, 2);
INSERT INTO JOUEURTITULAIRE VALUES (2,'HERNANDEZ', 'THEO', 24, 'FRANCE', 22, 'DEFENSEUR', 176, 75, 2);
INSERT INTO JOUEURTITULAIRE VALUES (3,'KOUNDE', 'JULES', 22, 'FRANCE', 5, 'DEFENSEUR', 186, 78, 2);
INSERT INTO JOUEURTITULAIRE VALUES (4,'UPAMECANO', 'DAYOT', 22, 'FRANCE', 15, 'DEFENSEUR', 194, 90, 2);
INSERT INTO JOUEURTITULAIRE VALUES (5,'VARANE', 'RAPHAËL', 28, 'FRANCE', 4, 'DEFENSEUR', 190, 85, 2);
INSERT INTO JOUEURTITULAIRE VALUES (6,'RABIOT', 'ADRIEN', 25, 'FRANCE', 25, 'MILIEU', 190, 85, 2);
INSERT INTO JOUEURTITULAIRE VALUES (7,'TCHOUAMENI', 'AURELIEN', 21, 'FRANCE', 28, 'MILIEU', 184, 73, 2);
INSERT INTO JOUEURTITULAIRE VALUES (8,'DEMBELE', 'OUSMANE', 23, 'FRANCE', 11, 'ATTAQUANT', 176, 73, 2);
INSERT INTO JOUEURTITULAIRE VALUES (9,'GIROUD', 'OLIVIER', 35, 'FRANCE', 18, 'ATTAQUANT', 193, 89, 2);
INSERT INTO JOUEURTITULAIRE VALUES (10,'GRIEZMANN', 'ANTOINE', 29, 'FRANCE', 7, 'ATTAQUANT', 178, 74, 2);
INSERT INTO JOUEURTITULAIRE VALUES (11,'MBAPPE', 'KYLIAN', 22, 'FRANCE', 10, 'ATTAQUANT', 181, 75, 2);

INSERT INTO JOUEURREMPLACANT VALUES (12,'AREOLA', 'ALPHONSE', 28, 'FRANCAIS', 1, 'GARDIEN', 190, 80, 2);
INSERT INTO JOUEURREMPLACANT VALUES (13,'MANDANDA', 'STEVE', 35, 'FRANCAIS', 16, 'GARDIEN', 180, 75, 2);
INSERT INTO JOUEURREMPLACANT VALUES (14,'DISASI', 'AXEL', 22, 'FRANCAIS', 2, 'DEFENSEUR', 188, 80, 2);
INSERT INTO JOUEURREMPLACANT VALUES (15,'HERNANDEZ', 'LUCAS', 26, 'FRANCAIS', 3, 'DEFENSEUR', 185, 70, 2);
INSERT INTO JOUEURREMPLACANT VALUES (16,'KONATE', 'IBRAHIMA', 21, 'FRANCAIS', 4, 'DEFENSEUR', 193, 75, 2);
INSERT INTO JOUEURREMPLACANT VALUES (17,'PAVARD', 'BENJAMIN', 25, 'FRANCAIS', 5, 'DEFENSEUR', 183, 65, 2);
INSERT INTO JOUEURREMPLACANT VALUES (18,'SALIBA', 'WILLIAM', 19, 'FRANCAIS', 6, 'DEFENSEUR', 190, 80, 2);
INSERT INTO JOUEURREMPLACANT VALUES (19,'CAMAVINGA', 'EDUARDO', 17, 'FRANCAIS', 7, 'MILIEU', 175, 60, 2);
INSERT INTO JOUEURREMPLACANT VALUES (20,'FOFANA', 'YOUSSOUF', 21, 'FRANCAIS', 8, 'MILIEU', 180, 70, 2);
INSERT INTO JOUEURREMPLACANT VALUES (21,'GUENDOUZI', 'MATTEO', 22, 'FRANCAIS', 9, 'MILIEU', 183, 75, 2);
INSERT INTO JOUEURREMPLACANT VALUES (22,'VERETOUT', 'JORDAN', 26, 'FRANCAIS', 10, 'MILIEU', 180, 70, 2);
INSERT INTO JOUEURREMPLACANT VALUES (23,'COMAN', 'KINGSLEY', 24, 'FRANCAIS', 11, 'ATTAQUANT', 178, 65, 2);
INSERT INTO JOUEURREMPLACANT VALUES (24,'MUANI', 'RANDAL KOLO', 20, 'FRANCAIS', 12, 'ATTAQUANT', 180, 70, 2);
INSERT INTO JOUEURREMPLACANT VALUES (25,'THURAM', 'MARCUS', 22, 'FRANCAIS', 13, 'ATTAQUANT', 185, 75, 2);

INSERT INTO JOUEURTITULAIRE VALUES (12,'MARTÍNEZ', 'EMILIANO', 28, 'ARGENTINE', 1, 'GARDIEN', 185, 80, 5);
INSERT INTO JOUEURTITULAIRE VALUES (13,'OTAMENDI', 'N.', 33, 'ARGENTINE', 3, 'DEFENSEUR', 190, 85, 5);
INSERT INTO JOUEURTITULAIRE VALUES (14,'MOLINA', 'N.', 28, 'ARGENTINE', 3, 'DEFENSEUR', 185, 80, 5);
INSERT INTO JOUEURTITULAIRE VALUES (15,'MARTÍNEZ', 'LISANDRO', 25, 'ARGENTINE', 4, 'DEFENSEUR', 180, 75, 5);
INSERT INTO JOUEURTITULAIRE VALUES (16,'PEZZELLA', 'G.', 29, 'ARGENTINE', 5, 'DEFENSEUR', 185, 80, 5);
INSERT INTO JOUEURTITULAIRE VALUES (17,'ROMERO', 'C.', 30, 'ARGENTINE', 6, 'DEFENSEUR', 190, 85, 5);
INSERT INTO JOUEURTITULAIRE VALUES (18,'RODRIGUEZ', 'G.', 27, 'ARGENTINE', 7, 'MILIEU', 175, 75, 5);
INSERT INTO JOUEURTITULAIRE VALUES (19,'DE PAUL', 'R.', 25, 'ARGENTINE', 8, 'MILIEU', 180, 75, 5);
INSERT INTO JOUEURTITULAIRE VALUES (20,'FERNÁNDEZ', 'E.', 29, 'ARGENTINE', 9, 'MILIEU', 175, 75, 5);
INSERT INTO JOUEURTITULAIRE VALUES (21,'GÓMEZ', 'PAPU', 30, 'ARGENTINE', 10, 'MILIEU', 180, 75, 5);
INSERT INTO JOUEURTITULAIRE VALUES (22,'MESSI', 'L.', 33, 'ARGENTINE', 11, 'ATTAQUANT', 170, 70, 5);
INSERT INTO JOUEURTITULAIRE VALUES (23,'MARTÍNEZ', 'LAUTARO', 23, 'ARGENTINE', 12, 'ATTAQUANT', 185, 80, 5);
INSERT INTO JOUEURTITULAIRE VALUES (24,'DYBALA', 'P.', 26, 'ARGENTINE', 13, 'ATTAQUANT', 175, 75, 5);

INSERT INTO JOUEURREMPLACANT VALUES (1,'MONTIEL', 'G.', 25, 'ARGENTINE', 2, 'DEFENSEUR', 190, 85, 5);
INSERT INTO JOUEURREMPLACANT VALUES (2,'FOYTH', 'J.', 22, 'ARGENTINE', 3, 'DEFENSEUR', 180, 75, 5);
INSERT INTO JOUEURREMPLACANT VALUES (3,'ACUÑA', 'M.', 27, 'ARGENTINE', 4, 'DEFENSEUR', 185, 80, 5);
INSERT INTO JOUEURREMPLACANT VALUES (4,'TAGLIAFICO', 'N.', 28, 'ARGENTINE', 5, 'DEFENSEUR', 190, 85, 5);
INSERT INTO JOUEURREMPLACANT VALUES (5,'ROMERO', 'C.', 30, 'ARGENTINE', 6, 'DEFENSEUR', 190, 85, 5);
INSERT INTO JOUEURREMPLACANT VALUES (6,'PALACIOS', 'E.', 24, 'ARGENTINE', 7, 'MILIEU', 175, 75, 5);
INSERT INTO JOUEURREMPLACANT VALUES (7,'PAREDES', 'L.', 26, 'ARGENTINE', 8, 'MILIEU', 180, 75, 5);
INSERT INTO JOUEURREMPLACANT VALUES (8,'ALMADA', 'T.', 20, 'ARGENTINE', 9, 'MILIEU', 175, 75, 5);
INSERT INTO JOUEURREMPLACANT VALUES (9,'GÓMEZ', 'PAPU', 30, 'ARGENTINE', 10, 'MILIEU', 180, 75, 5);
INSERT INTO JOUEURREMPLACANT VALUES (10,'CORREA', 'Á.', 25, 'ARGENTINE', 11, 'ATTAQUANT', 170, 70, 5);
INSERT INTO JOUEURREMPLACANT VALUES (11,'DI MARÍA', 'Á.', 32, 'ARGENTINE', 12, 'ATTAQUANT', 185, 80, 5);
INSERT INTO JOUEURREMPLACANT VALUES (26,'ÁLVAREZ', 'J.', 21, 'ARGENTINE', 13, 'ATTAQUANT', 175, 75, 5);


INSERT INTO JOUEURTITULAIRE VALUES (28, 'BOUNOU', '', 24, 'MAROC', 1, 'GARDIEN', 180, 75, 1);
INSERT INTO JOUEURTITULAIRE VALUES (29, 'HAKIMI', 'ACHRAF', 24, 'MAROC', 4, 'DEFENSEUR', 195, 70,1);
INSERT INTO JOUEURTITULAIRE VALUES (30, 'MAZRAOUI', 'NOUSSAIR', 25, 'MAROC', 5, 'DEFENSEUR', 200, 75,1);
INSERT INTO JOUEURTITULAIRE VALUES (31, 'AGUERD', 'NAYEF', 26, 'MAROC', 6, 'DEFENSEUR', 205, 80,1);
INSERT INTO JOUEURTITULAIRE VALUES (32, 'SAÏSS', 'ROMAIN', 32, 'MAROC', 7, 'DEFENSEUR', 210, 85,1);
INSERT INTO JOUEURTITULAIRE VALUES (33, 'AMRABAT', 'SOFYAN', 26, 'MAROC', 8, 'MILIEU', 215, 75,1);
INSERT INTO JOUEURTITULAIRE VALUES (34, 'OUNAHI', 'AZZEDINE', 22, 'MAROC', 9, 'MILIEU', 220, 80,1);
INSERT INTO JOUEURTITULAIRE VALUES (35, 'AMALLAH', 'SELIM', 26, 'MAROC', 10, 'MILIEU', 225, 85,1);
INSERT INTO JOUEURTITULAIRE VALUES (36, 'EL KHANNOUSS', 'BILAL', 18, 'MAROC', 11, 'MILIEU', 230, 75,1);
INSERT INTO JOUEURTITULAIRE VALUES (37, 'ZIYECH', 'HAKIM', 29, 'MAROC', 12, 'ATTAQUANT', 235, 80,1);
INSERT INTO JOUEURTITULAIRE VALUES (38, 'BOUFAL', 'SOFIANE', 29, 'MAROC', 13, 'ATTAQUANT', 240, 85,1);
INSERT INTO JOUEURTITULAIRE VALUES (39, 'EN-NESYRI', 'YOUSSEF', 25, 'MAROC', 14, 'ATTAQUANT', 245, 75,1);

INSERT INTO JOUEURREMPLACANT VALUES (70, 'MOHAMEDI', '', 25, 'MAROC', 1, 'GARDIEN', 180, 75, 1);
INSERT INTO JOUEURREMPLACANT VALUES (71, 'TAGNAOUTI', '', 26, 'MAROC', 2, 'GARDIEN', 185, 80, 1);
INSERT INTO JOUEURREMPLACANT VALUES (72, 'EL YAMIQ', 'JAWAD', 30, 'MAROC', 3, 'DEFENSEUR', 190, 85, 1);
INSERT INTO JOUEURREMPLACANT VALUES (73, 'ATTIATALLAH', 'YAHYA', 27, 'MAROC', 4, 'DEFENSEUR', 195, 70, 1);
INSERT INTO JOUEURREMPLACANT VALUES (74, 'DARI', 'ACHRAF', 23, 'MAROC', 5, 'DEFENSEUR', 200, 75, 1);
INSERT INTO JOUEURREMPLACANT VALUES (75, 'BENOUN', 'BADR', 29, 'MAROC', 6, 'DEFENSEUR', 205, 80, 1);
INSERT INTO JOUEURREMPLACANT VALUES (76, 'SABIRI', 'ABDELHAMID', 26, 'MAROC', 7, 'MILIEU', 210, 85, 1);
INSERT INTO JOUEURREMPLACANT VALUES (77, 'ZAROURY', 'ANASS', 22, 'MAROC', 8, 'MILIEU', 215, 75, 1);
INSERT INTO JOUEURREMPLACANT VALUES (78, 'JABRANE', 'YAHYA', 22, 'MAROC', 9, 'MILIEU', 220, 80, 1);
INSERT INTO JOUEURREMPLACANT VALUES (79, 'CHAIR', 'ILIAS', 25, 'MAROC', 10, 'MILIEU', 225, 85, 1);
INSERT INTO JOUEURREMPLACANT VALUES (80, 'ABDE', 'EZ', 20, 'MAROC', 11, 'MILIEU', 230, 75, 1);
INSERT INTO JOUEURREMPLACANT VALUES (81, 'HAMDALLAH', '', 31, 'MAROC', 12, 'ATTAQUANT', 235, 80, 1);
INSERT INTO JOUEURREMPLACANT VALUES (82, 'ABOUKHLAL', 'ZAKARIA', 22, 'MAROC', 13, 'ATTAQUANT', 240, 85, 1);
INSERT INTO JOUEURREMPLACANT VALUES (83, 'CHEDDIRA', 'WALID', 24, 'MAROC', 14, 'ATTAQUANT', 245, 75, 1);

-- AJOUT JOUEUR CROATE

INSERT INTO MATCH VALUES (1, 'DEMI-FINAL', 1,'13-12-2022',1,2);
INSERT INTO MATCH VALUES (2, 'DEMI-FINAL', 2, '14-12-2022',5,10);
--INSERT INTO MATCH VALUES (3, 'PETITE-FINAL', 1, '17-12-2022');
--INSERT INTO MATCH VALUES (4, 'FINAL', 1,'18-12-2022');
-- REMPLISSAGE DES TABLES

INSERT INTO SPONSOR VALUES (70, 'ADIDAS', '04-12-2023');
INSERT INTO SPONSOR VALUES (71, 'COCA COLA', '21-10-2023');
INSERT INTO SPONSOR VALUES (72, 'QATAR AIRWAYS', '08-11-2023');
INSERT INTO SPONSOR VALUES (73, 'WANDA GROUP', '07-11-2023');
INSERT INTO SPONSOR VALUES (74, 'VISA', '10-01-2023');
INSERT INTO SPONSOR VALUES (75, 'EDF', '23-02-2023');
INSERT INTO SPONSOR VALUES (76, 'GILETTE', '23-03-2023');
INSERT INTO SPONSOR VALUES (77, 'PUMA', '25-12-2023');
INSERT INTO SPONSOR VALUES (78, 'BINANCE', '31-12-2023');

INSERT INTO KINE VALUES (1,'GEOFFROY','CHRISTOPHE',25,'');
INSERT INTO KINE VALUES (2,'BEN SALAH','AMINE',28,'');
INSERT INTO KINE VALUES (3,'OLIVEIRA SILVA','TOMÁS',32,'');
INSERT INTO KINE VALUES (4,'OBAD','FRANO',36,'');

INSERT INTO ENTRAINEUR VALUES (1,'DESCHAMPS', 'DIDIER', 50, 'FRANCE');
INSERT INTO ENTRAINEUR VALUES (2,'REGRAGUI', 'WALID', 35, 'MAROC');
INSERT INTO ENTRAINEUR VALUES (3,'SAMPAOLI', 'JORGE', 57, 'ARGENTINE');
INSERT INTO ENTRAINEUR VALUES (4,'ZLATKO', 'DALIC', 53, 'CROATIE');

INSERT INTO SUPPORTER VALUES (1, 'JOHN', 'DOE', 25, 'FRANCE');
INSERT INTO SUPPORTER VALUES (2, 'JANE', 'SMITH', 30, 'ETATS-UNIS');
INSERT INTO SUPPORTER VALUES (3, 'MOHAMMED', 'ALI', 35, 'EGYPTE');
INSERT INTO SUPPORTER VALUES (4, 'MARIA', 'GARCIA', 40, 'ESPAGNE');
INSERT INTO SUPPORTER VALUES (5, 'LIU', 'XIAOBO', 45, 'CHINE');
INSERT INTO SUPPORTER VALUES (6, 'NELSON', 'MANDELA', 50, 'AFRIQUE DU SUD');
INSERT INTO SUPPORTER VALUES (7, 'JOKO', 'WIDODO', 55, 'INDONESIE');
INSERT INTO SUPPORTER VALUES (8, 'VLADIMIR', 'PUTIN', 60, 'RUSSIE');
INSERT INTO SUPPORTER VALUES (9, 'ANGELA', 'MERKEL', 65, 'ALLEMAGNE');
INSERT INTO SUPPORTER VALUES (10, 'EMMA', 'WATSON', 70, 'ROYAUME-UNI');
INSERT INTO SUPPORTER VALUES (11, 'AHMED', 'ALI', 25, 'EGYPTE');
INSERT INTO SUPPORTER VALUES (12, 'SARA', 'HASSAN', 30, 'MAROC');
INSERT INTO SUPPORTER VALUES (13, 'MOHAMMED', 'SALAH', 35, 'EGYPTE');
INSERT INTO SUPPORTER VALUES (14, 'FATIMA', 'ZAHRA', 40, 'MAROC');
INSERT INTO SUPPORTER VALUES (15, 'ALI', 'BABA', 45, 'LIBAN');
INSERT INTO SUPPORTER VALUES (16, 'NOUR', 'AHMED', 50, 'EGYPTE');
INSERT INTO SUPPORTER VALUES (17, 'HASSAN', 'MOHAMMED', 55, 'MAROC');
INSERT INTO SUPPORTER VALUES (18, 'AYA', 'SAMIR', 60, 'EGYPTE');
INSERT INTO SUPPORTER VALUES (19, 'AMIRA', 'SALAH', 65, 'MAROC');
INSERT INTO SUPPORTER VALUES (20, 'OMAR', 'HASSAN', 70, 'EGYPTE');
INSERT INTO SUPPORTER VALUES (21, 'SOFIA', 'VERGARA', 35, 'COLOMBIE');
INSERT INTO SUPPORTER VALUES (22, 'SHAKIRA', 'IBRAHIMOVIC', 40, 'SUÈDE');
INSERT INTO SUPPORTER VALUES (23, 'USAIN', 'BOLT', 45, 'JAMAÏQUE');
INSERT INTO SUPPORTER VALUES (24, 'GIORGINA', 'RONALDO', 50, 'PORTUGAL');
INSERT INTO SUPPORTER VALUES (25, 'ASTRID', 'MESSI', 55, 'ARGENTINE');
INSERT INTO SUPPORTER VALUES (36, 'NEYMAR', 'JUNIOR', 60, 'BRESIL');
INSERT INTO SUPPORTER VALUES (37, 'SERENA', 'WILLIAMS', 65, 'ETATS-UNIS');
INSERT INTO SUPPORTER VALUES (38, 'ROGER', 'FEDERER', 70, 'SUISSE');
INSERT INTO SUPPORTER VALUES (39, 'NOVAK', 'DJOKOVIC', 75, 'SERBIE');
INSERT INTO SUPPORTER VALUES (40, 'RAFAEL', 'NADAL', 80, 'ESPAGNE');
INSERT INTO SUPPORTER VALUES (41, 'YASMIN', 'MOHAMMED', 35, 'MAROC');
INSERT INTO SUPPORTER VALUES (42, 'NADA', 'SALAH', 40, 'EGYPTE');
INSERT INTO SUPPORTER VALUES (43, 'LILA', 'HASSAN', 45, 'MAROC');
INSERT INTO SUPPORTER VALUES (44, 'RAMI', 'ALI', 50, 'EGYPTE');
INSERT INTO SUPPORTER VALUES (45, 'LEILA', 'MOHAMMED', 55, 'MAROC');
INSERT INTO SUPPORTER VALUES (46, 'TARIQ', 'SALAH', 60, 'EGYPTE');
INSERT INTO SUPPORTER VALUES (47, 'SANA', 'HASSAN', 65, 'MAROC');
INSERT INTO SUPPORTER VALUES (48, 'MONA', 'ALI', 70, 'EGYPTE');
INSERT INTO SUPPORTER VALUES (49, 'HANA', 'MOHAMMED', 75, 'MAROC');
INSERT INTO SUPPORTER VALUES (50, 'SAMIR', 'SALAH', 80, 'EGYPTE');
INSERT INTO SUPPORTER VALUES (51, 'ANTONIO', 'GARCIA', 25, 'ESPAGNE');
INSERT INTO SUPPORTER VALUES (52, 'SOFIA', 'RODRIGUEZ', 30, 'ESPAGNE');
INSERT INTO SUPPORTER VALUES (53, 'FRANCESCO', 'BIANCHI', 35, 'ITALIE');
INSERT INTO SUPPORTER VALUES (54, 'ISABELLA', 'ROMANO', 40, 'ITALIE');
INSERT INTO SUPPORTER VALUES (55, 'HENRIK', 'JENSEN', 45, 'DANEMARK');
INSERT INTO SUPPORTER VALUES (56, 'METTE', 'HANSEN', 50, 'DANEMARK');
INSERT INTO SUPPORTER VALUES (57, 'OSKAR', 'MÜLLER', 55, 'ALLEMAGNE');
INSERT INTO SUPPORTER VALUES (58, 'GRETA', 'SCHMIDT', 60, 'ALLEMAGNE');
INSERT INTO SUPPORTER VALUES (59, 'EMIL', 'LARSEN', 65, 'NORVÈGE');
INSERT INTO SUPPORTER VALUES (60, 'INGRID', 'OLSEN', 70, 'NORVÈGE');



-- CREATE TRIGGER tr_undo_match_insert
-- AFTER INSERT ON Match
-- FOR EACH ROW
-- BEGIN
--   DECLARE club_nationality VARCHAR(255);
--   SELECT NATIONALITE INTO club_nationality FROM EQUIPE WHERE id = NEW.club_id;

--   IF NEW.arbitre_nationality != club_nationality THEN
--     ROLLBACK;
--   END IF;
-- END;
